-- phpMyAdmin SQL Dump
-- version 4.9.5
-- https://www.phpmyadmin.net/
--
-- Host: localhost:3306
-- Generation Time: Jul 13, 2020 at 08:30 AM
-- Server version: 10.3.16-MariaDB
-- PHP Version: 7.3.12

SET SQL_MODE = "NO_AUTO_VALUE_ON_ZERO";
SET AUTOCOMMIT = 0;
START TRANSACTION;
SET time_zone = "+00:00";


/*!40101 SET @OLD_CHARACTER_SET_CLIENT=@@CHARACTER_SET_CLIENT */;
/*!40101 SET @OLD_CHARACTER_SET_RESULTS=@@CHARACTER_SET_RESULTS */;
/*!40101 SET @OLD_COLLATION_CONNECTION=@@COLLATION_CONNECTION */;
/*!40101 SET NAMES utf8mb4 */;

--
-- Database: `id13181712_sistempakar`
--

-- --------------------------------------------------------

--
-- Table structure for table `antro_female_bbpbun24bln`
--

CREATE TABLE `antro_female_bbpbun24bln` (
  `length` decimal(5,2) NOT NULL,
  `min_3` decimal(5,2) NOT NULL,
  `min_2` decimal(5,2) NOT NULL,
  `min_1` decimal(5,2) NOT NULL,
  `median` decimal(5,2) NOT NULL,
  `plus_1` decimal(5,2) NOT NULL,
  `plus_2` decimal(5,2) NOT NULL,
  `plus_3` decimal(5,2) NOT NULL
) ENGINE=InnoDB DEFAULT CHARSET=latin1;

--
-- Dumping data for table `antro_female_bbpbun24bln`
--

INSERT INTO `antro_female_bbpbun24bln` (`length`, `min_3`, `min_2`, `min_1`, `median`, `plus_1`, `plus_2`, `plus_3`) VALUES
(45.00, 1.90, 2.10, 2.30, 2.50, 2.70, 3.00, 3.30),
(45.50, 2.00, 2.10, 2.30, 2.50, 2.80, 3.10, 3.40),
(46.00, 2.00, 2.20, 2.40, 2.60, 2.90, 3.20, 3.50),
(46.50, 2.10, 2.30, 2.50, 2.70, 3.00, 3.30, 3.60),
(47.00, 2.20, 2.40, 2.60, 2.80, 3.10, 3.40, 3.70),
(47.50, 2.20, 2.40, 2.60, 2.90, 3.20, 3.50, 3.80),
(48.00, 2.30, 2.50, 2.70, 3.00, 3.30, 3.60, 4.00),
(48.50, 2.40, 2.60, 2.80, 3.10, 3.40, 3.70, 4.10),
(49.00, 2.40, 2.60, 2.90, 3.20, 3.50, 3.80, 4.20),
(49.50, 2.50, 2.70, 3.00, 3.30, 3.60, 3.90, 4.30),
(50.00, 2.60, 2.80, 3.10, 3.40, 3.70, 4.00, 4.50),
(50.50, 2.70, 2.90, 3.20, 3.50, 3.80, 4.20, 4.60),
(51.00, 2.80, 3.00, 3.30, 3.60, 3.90, 4.30, 4.80),
(51.50, 2.80, 3.10, 3.40, 3.70, 4.00, 4.40, 4.90),
(52.00, 2.90, 3.20, 3.50, 3.80, 4.20, 4.60, 5.10),
(52.50, 3.00, 3.30, 3.60, 3.90, 4.30, 4.70, 5.20),
(53.00, 3.10, 3.40, 3.70, 4.00, 4.40, 4.90, 5.40),
(53.50, 3.20, 3.50, 3.80, 4.20, 4.60, 5.00, 5.50),
(54.00, 3.30, 3.60, 3.90, 4.30, 4.70, 5.20, 5.70),
(54.50, 3.40, 3.70, 4.00, 4.40, 4.80, 5.30, 5.90),
(55.00, 3.50, 3.80, 4.20, 4.50, 5.00, 5.50, 6.10),
(55.50, 3.60, 3.90, 4.30, 4.70, 5.10, 5.70, 6.30),
(56.00, 3.70, 4.00, 4.40, 4.80, 5.30, 5.80, 6.40),
(56.50, 3.80, 4.10, 4.50, 5.00, 5.40, 6.00, 6.60),
(57.00, 3.90, 4.30, 4.60, 5.10, 5.60, 6.10, 6.80),
(57.50, 4.00, 4.40, 4.80, 5.20, 5.70, 6.30, 7.00),
(58.00, 4.10, 4.50, 4.90, 5.40, 5.90, 6.50, 7.10),
(58.50, 4.20, 4.60, 5.00, 5.50, 6.00, 6.60, 7.30),
(59.00, 4.30, 4.70, 5.10, 5.60, 6.20, 6.80, 7.50),
(59.50, 4.40, 4.80, 5.30, 5.70, 6.30, 6.90, 7.70),
(60.00, 4.50, 4.90, 5.40, 5.90, 6.40, 7.10, 7.80),
(60.50, 4.60, 5.00, 5.50, 6.00, 6.60, 7.30, 8.00),
(61.00, 4.70, 5.10, 5.60, 6.10, 6.70, 7.40, 8.20),
(61.50, 4.80, 5.20, 5.70, 6.30, 6.90, 7.60, 8.40),
(62.00, 4.90, 5.30, 5.80, 6.40, 7.00, 7.70, 8.50),
(62.50, 5.00, 5.40, 5.90, 6.50, 7.10, 7.80, 8.70),
(63.00, 5.10, 5.50, 6.00, 6.60, 7.30, 8.00, 8.80),
(63.50, 5.20, 5.60, 6.20, 6.70, 7.40, 8.10, 9.00),
(64.00, 5.30, 5.70, 6.30, 6.90, 7.50, 8.30, 9.10),
(64.50, 5.40, 5.80, 6.40, 7.00, 7.60, 8.40, 9.30),
(65.00, 5.50, 5.90, 6.50, 7.10, 7.80, 8.60, 9.50),
(65.50, 5.50, 6.00, 6.60, 7.20, 7.90, 8.70, 9.60),
(66.00, 5.60, 6.10, 6.70, 7.30, 8.00, 8.80, 9.80),
(66.50, 5.70, 6.20, 6.80, 7.40, 8.10, 9.00, 9.90),
(67.00, 5.80, 6.30, 6.90, 7.50, 8.30, 9.10, 10.00),
(67.50, 5.90, 6.40, 7.00, 7.60, 8.40, 9.20, 10.20),
(68.00, 6.00, 6.50, 7.10, 7.70, 8.50, 9.40, 10.30),
(68.50, 6.10, 6.60, 7.20, 7.90, 8.60, 9.50, 10.50),
(69.00, 6.10, 6.70, 7.30, 8.00, 8.70, 9.60, 10.60),
(69.50, 6.20, 6.80, 7.40, 8.10, 8.80, 9.70, 10.70),
(70.00, 6.30, 6.90, 7.50, 8.20, 9.00, 9.90, 10.90),
(70.50, 6.40, 6.90, 7.60, 8.30, 9.10, 10.00, 11.00),
(71.00, 6.50, 7.00, 7.70, 8.40, 9.20, 10.10, 11.10),
(71.50, 6.50, 7.10, 7.70, 8.50, 9.30, 10.20, 11.30),
(72.00, 6.60, 7.20, 7.80, 8.60, 9.40, 10.30, 11.40),
(72.50, 6.70, 7.30, 7.90, 8.70, 9.50, 10.50, 11.50),
(73.00, 6.80, 7.40, 8.00, 8.80, 9.60, 10.60, 11.70),
(73.50, 6.90, 7.40, 8.10, 8.90, 9.70, 10.70, 11.80),
(74.00, 6.90, 7.50, 8.20, 9.00, 9.80, 10.80, 11.90),
(74.50, 7.00, 7.60, 8.30, 9.10, 9.90, 10.90, 12.00),
(75.00, 7.10, 7.70, 8.40, 9.10, 10.00, 11.00, 12.20),
(75.50, 7.10, 7.80, 8.50, 9.20, 10.10, 11.10, 12.30),
(76.00, 7.20, 7.80, 8.50, 9.30, 10.20, 11.20, 12.40),
(76.50, 7.30, 7.90, 8.60, 9.40, 10.30, 11.40, 12.50),
(77.00, 7.40, 8.00, 8.70, 9.50, 10.40, 11.50, 12.60),
(77.50, 7.40, 8.10, 8.80, 9.60, 10.50, 11.60, 12.80),
(78.00, 7.50, 8.20, 8.90, 9.70, 10.60, 11.70, 12.90),
(78.50, 7.60, 8.20, 9.00, 9.80, 10.70, 11.80, 13.00),
(79.00, 7.70, 8.30, 9.10, 9.90, 10.80, 11.90, 13.10),
(79.50, 7.70, 8.40, 9.10, 10.00, 10.90, 12.00, 13.30),
(80.00, 7.80, 8.50, 9.20, 10.10, 11.00, 12.10, 13.40),
(80.50, 7.90, 8.60, 9.30, 10.20, 11.20, 12.30, 13.50),
(81.00, 8.00, 8.70, 9.40, 10.30, 11.30, 12.40, 13.70),
(81.50, 8.10, 8.80, 9.50, 10.40, 11.40, 12.50, 13.80),
(82.00, 8.10, 8.80, 9.60, 10.50, 11.50, 12.60, 13.90),
(82.50, 8.20, 8.90, 9.70, 10.60, 11.60, 12.80, 14.10),
(83.00, 8.30, 9.00, 9.80, 10.70, 11.80, 12.90, 14.20),
(83.50, 8.40, 9.10, 9.90, 10.90, 11.90, 13.10, 14.40),
(84.00, 8.50, 9.20, 10.10, 11.00, 12.00, 13.20, 14.50),
(84.50, 8.60, 9.30, 10.20, 11.10, 12.10, 13.30, 14.70),
(85.00, 8.70, 9.40, 10.30, 11.20, 12.30, 13.50, 14.90),
(85.50, 8.80, 9.50, 10.40, 11.30, 12.40, 13.60, 15.00),
(86.00, 8.90, 9.70, 10.50, 11.50, 12.60, 13.80, 15.20),
(86.50, 9.00, 9.80, 10.60, 11.60, 12.70, 13.90, 15.40),
(87.00, 9.10, 9.90, 10.70, 11.70, 12.80, 14.10, 15.50),
(87.50, 9.20, 10.00, 10.90, 11.80, 13.00, 14.20, 15.70),
(88.00, 9.30, 10.10, 11.00, 12.00, 13.10, 14.40, 15.90),
(88.50, 9.40, 10.20, 11.10, 12.10, 13.20, 14.50, 16.00),
(89.00, 9.50, 10.30, 11.20, 12.20, 13.40, 14.70, 16.20),
(89.50, 9.60, 10.40, 11.30, 12.30, 13.50, 14.80, 16.40),
(90.00, 9.70, 10.50, 11.40, 12.50, 13.70, 15.00, 16.50),
(90.50, 9.80, 10.60, 11.50, 12.60, 13.80, 15.10, 16.70),
(91.00, 9.90, 10.70, 11.70, 12.70, 13.90, 15.30, 16.90),
(91.50, 10.00, 10.80, 11.80, 12.80, 14.10, 15.50, 17.00),
(92.00, 10.10, 10.90, 11.90, 13.00, 14.20, 15.60, 17.20),
(92.50, 10.10, 11.00, 12.00, 13.10, 14.30, 15.80, 17.40),
(93.00, 10.20, 11.10, 12.10, 13.20, 14.50, 15.90, 17.50),
(93.50, 10.30, 11.20, 12.20, 13.30, 14.60, 16.10, 17.70),
(94.00, 10.40, 11.30, 12.30, 13.50, 14.70, 16.20, 17.90),
(94.50, 10.50, 11.40, 12.40, 13.60, 14.90, 16.40, 18.00),
(95.00, 10.60, 11.50, 12.60, 13.70, 15.00, 16.50, 18.20),
(95.50, 10.70, 11.60, 12.70, 13.80, 15.20, 16.70, 18.40),
(96.00, 10.80, 11.70, 12.80, 14.00, 15.30, 16.80, 18.60),
(96.50, 10.90, 11.80, 12.90, 14.10, 15.40, 17.00, 18.70),
(97.00, 11.00, 12.00, 13.00, 14.20, 15.60, 17.10, 18.90),
(97.50, 11.10, 12.10, 13.10, 14.40, 15.70, 17.30, 19.10),
(98.00, 11.20, 12.20, 13.30, 14.50, 15.90, 17.50, 19.30),
(98.50, 11.30, 12.30, 13.40, 14.60, 16.00, 17.60, 19.50),
(99.00, 11.40, 12.40, 13.50, 14.80, 16.20, 17.80, 19.60),
(99.50, 11.50, 12.50, 13.60, 14.90, 16.30, 18.00, 19.80),
(100.00, 11.60, 12.60, 13.70, 15.00, 16.50, 18.10, 20.00),
(100.50, 11.70, 12.70, 13.90, 15.20, 16.60, 18.30, 20.20),
(101.00, 11.80, 12.80, 14.00, 15.30, 16.80, 18.50, 20.40),
(101.50, 11.90, 13.00, 14.10, 15.50, 17.00, 18.70, 20.60),
(102.00, 12.00, 13.10, 14.30, 15.60, 17.10, 18.90, 20.80),
(102.50, 12.10, 13.20, 14.40, 15.80, 17.30, 19.00, 21.00),
(103.00, 12.30, 13.30, 14.50, 15.90, 17.50, 19.20, 21.30),
(103.50, 12.40, 13.50, 14.70, 16.10, 17.60, 19.40, 21.50),
(104.00, 12.50, 13.60, 14.80, 16.20, 17.80, 19.60, 21.70),
(104.50, 12.60, 13.70, 15.00, 16.40, 18.00, 19.80, 21.90),
(105.00, 12.70, 13.80, 15.10, 16.50, 18.20, 20.00, 22.20),
(105.50, 12.80, 14.00, 15.30, 16.70, 18.40, 20.20, 22.40),
(106.00, 13.00, 14.10, 15.40, 16.90, 18.50, 20.50, 22.60),
(106.50, 13.10, 14.30, 15.60, 17.10, 18.70, 20.70, 22.90),
(107.00, 13.20, 14.40, 15.70, 17.20, 18.90, 20.90, 23.10),
(107.50, 13.30, 14.50, 15.90, 17.40, 19.10, 21.10, 23.40),
(108.00, 13.50, 14.70, 16.00, 17.60, 19.30, 21.30, 23.60),
(108.50, 13.60, 14.80, 16.20, 17.80, 19.50, 21.60, 23.90),
(109.00, 13.70, 15.00, 16.40, 18.00, 19.70, 21.80, 24.20),
(109.50, 13.90, 15.10, 16.50, 18.10, 20.00, 22.00, 24.40),
(110.00, 14.00, 15.30, 16.70, 18.30, 20.20, 22.30, 24.70);

-- --------------------------------------------------------

--
-- Table structure for table `antro_female_bbpbup24bln`
--

CREATE TABLE `antro_female_bbpbup24bln` (
  `length` decimal(5,2) NOT NULL,
  `min_3` decimal(5,2) NOT NULL,
  `min_2` decimal(5,2) NOT NULL,
  `min_1` decimal(5,2) NOT NULL,
  `median` decimal(5,2) NOT NULL,
  `plus_1` decimal(5,2) NOT NULL,
  `plus_2` decimal(5,2) NOT NULL,
  `plus_3` decimal(5,2) NOT NULL
) ENGINE=InnoDB DEFAULT CHARSET=latin1;

--
-- Dumping data for table `antro_female_bbpbup24bln`
--

INSERT INTO `antro_female_bbpbup24bln` (`length`, `min_3`, `min_2`, `min_1`, `median`, `plus_1`, `plus_2`, `plus_3`) VALUES
(11.50, 14.70, 16.00, 17.50, 19.20, 21.20, 23.40, 26.00),
(65.00, 5.60, 6.10, 6.60, 7.20, 7.90, 8.70, 9.70),
(65.50, 5.70, 6.20, 6.70, 7.40, 8.10, 8.90, 9.80),
(66.00, 5.80, 6.30, 6.80, 7.50, 8.20, 9.00, 10.00),
(66.50, 5.80, 6.40, 6.90, 7.60, 8.30, 9.10, 10.10),
(67.00, 5.90, 6.40, 7.00, 7.70, 8.40, 9.30, 10.20),
(67.50, 6.00, 6.50, 7.10, 7.80, 8.50, 9.40, 10.40),
(68.00, 6.10, 6.60, 7.20, 7.90, 8.70, 9.50, 10.50),
(68.50, 6.20, 6.70, 7.30, 8.00, 8.80, 9.70, 10.70),
(69.00, 6.30, 6.80, 7.40, 8.10, 8.90, 9.80, 10.80),
(69.50, 6.30, 6.90, 7.50, 8.20, 9.00, 9.90, 10.90),
(70.00, 6.40, 7.00, 7.60, 8.30, 9.10, 10.00, 11.10),
(70.50, 6.50, 7.10, 7.70, 8.40, 9.20, 10.10, 11.20),
(71.00, 6.60, 7.10, 7.80, 8.50, 9.30, 10.30, 11.30),
(71.50, 6.70, 7.20, 7.90, 8.60, 9.40, 10.40, 11.50),
(72.00, 6.70, 7.30, 8.00, 8.70, 9.50, 10.50, 11.60),
(72.50, 6.80, 7.50, 8.10, 8.80, 9.70, 10.60, 11.70),
(73.00, 6.90, 7.50, 8.10, 8.90, 9.80, 10.70, 11.80),
(73.50, 7.00, 7.60, 8.20, 9.00, 9.90, 10.80, 12.00),
(74.00, 7.00, 7.60, 8.30, 9.10, 10.00, 11.00, 12.10),
(74.50, 7.10, 7.70, 8.40, 9.20, 10.10, 11.10, 12.20),
(75.00, 7.20, 7.80, 8.50, 9.30, 10.20, 11.20, 12.30),
(75.50, 7.20, 7.90, 8.60, 9.40, 10.30, 11.30, 12.50),
(76.00, 7.30, 8.00, 8.70, 9.50, 10.40, 11.40, 12.60),
(76.50, 7.40, 8.00, 8.70, 9.60, 10.50, 11.50, 12.70),
(77.00, 7.50, 8.10, 8.80, 9.60, 10.60, 11.60, 12.80),
(77.50, 7.50, 7.50, 8.20, 8.90, 9.70, 10.70, 11.70),
(78.00, 7.60, 8.30, 9.00, 9.80, 10.80, 11.80, 13.10),
(78.50, 7.70, 8.40, 9.10, 9.90, 10.90, 12.00, 13.20),
(79.00, 7.80, 8.40, 9.20, 10.00, 11.00, 12.10, 13.30),
(79.50, 7.80, 8.50, 9.30, 10.10, 11.10, 12.20, 13.40),
(80.00, 7.90, 8.60, 9.40, 10.20, 11.20, 12.30, 13.60),
(80.50, 8.00, 8.70, 9.50, 10.30, 11.30, 12.40, 13.70),
(81.00, 8.10, 8.80, 9.00, 10.40, 11.40, 12.60, 13.90),
(81.50, 8.20, 8.90, 9.70, 10.60, 11.60, 12.70, 14.00),
(82.00, 8.30, 9.00, 9.80, 10.70, 11.70, 12.80, 14.10),
(82.50, 8.40, 9.10, 9.90, 10.80, 11.80, 13.00, 14.30),
(83.00, 8.50, 9.20, 10.00, 10.90, 11.90, 13.10, 14.50),
(83.50, 8.50, 9.30, 10.10, 11.00, 12.10, 13.30, 14.60),
(84.00, 8.60, 9.40, 10.20, 11.10, 12.20, 13.40, 14.80),
(84.50, 8.70, 9.50, 10.30, 11.30, 12.30, 13.50, 14.90),
(85.00, 8.80, 9.60, 10.40, 11.40, 12.50, 13.70, 15.10),
(85.50, 8.90, 9.70, 10.60, 11.50, 12.60, 13.80, 15.30),
(86.00, 9.00, 9.80, 10.70, 11.60, 12.70, 14.00, 15.40),
(86.50, 9.10, 9.90, 10.80, 11.80, 12.90, 14.20, 15.60),
(87.00, 9.20, 10.00, 10.90, 11.90, 13.00, 14.30, 15.80),
(87.50, 9.30, 10.10, 11.00, 12.00, 13.20, 14.50, 15.90),
(88.00, 9.40, 10.20, 11.10, 12.10, 13.30, 14.60, 16.10),
(88.50, 9.50, 10.30, 11.20, 12.30, 13.40, 14.80, 16.30),
(89.00, 9.60, 10.40, 11.40, 12.40, 13.60, 14.90, 16.40),
(89.50, 9.70, 10.50, 11.50, 12.50, 13.70, 15.10, 16.60),
(90.00, 9.80, 10.60, 11.60, 12.60, 13.80, 15.20, 16.80),
(90.50, 9.90, 10.70, 11.70, 12.80, 14.00, 15.40, 16.90),
(91.00, 10.00, 10.90, 11.80, 12.90, 14.10, 15.50, 17.10),
(91.50, 10.10, 11.00, 11.90, 13.00, 14.30, 15.70, 17.30),
(92.00, 10.20, 11.10, 12.00, 13.10, 14.40, 15.80, 17.40),
(92.50, 10.30, 11.20, 12.10, 13.30, 14.50, 16.00, 17.60),
(93.00, 10.40, 11.30, 12.30, 13.40, 14.70, 16.10, 17.80),
(93.50, 10.50, 11.40, 12.40, 13.50, 14.80, 16.30, 17.90),
(94.00, 10.60, 11.50, 12.50, 13.60, 14.90, 16.40, 18.10),
(94.50, 10.70, 11.60, 12.60, 13.80, 15.10, 16.60, 18.30),
(95.00, 10.80, 11.70, 12.70, 13.90, 15.20, 16.70, 18.50),
(95.50, 10.80, 11.80, 12.80, 14.00, 15.40, 16.90, 18.60),
(96.00, 10.90, 11.90, 12.90, 14.10, 15.50, 17.00, 18.80),
(96.50, 11.00, 12.00, 13.10, 14.30, 15.60, 17.20, 19.00),
(97.00, 11.10, 12.10, 13.20, 14.40, 15.80, 17.40, 19.20),
(97.50, 11.20, 12.20, 13.30, 14.50, 15.90, 17.50, 19.30),
(98.00, 11.30, 12.30, 13.40, 14.70, 16.10, 17.70, 19.50),
(98.50, 11.40, 12.40, 13.50, 14.80, 16.20, 17.90, 19.70),
(99.00, 11.50, 12.50, 13.70, 14.90, 16.40, 18.00, 19.90),
(99.50, 11.60, 12.70, 13.80, 15.10, 16.50, 18.20, 20.10),
(100.00, 11.70, 12.80, 13.90, 15.20, 16.70, 18.40, 20.30),
(100.50, 11.90, 12.90, 14.10, 15.40, 16.90, 18.60, 10.50),
(101.00, 12.00, 13.00, 14.20, 15.50, 17.00, 18.70, 20.70),
(101.50, 12.10, 13.10, 14.30, 15.70, 17.20, 18.90, 20.90),
(102.00, 12.20, 13.30, 14.50, 15.80, 17.40, 19.10, 21.10),
(102.50, 12.30, 13.40, 14.60, 16.00, 17.50, 19.30, 21.40),
(103.00, 12.40, 13.50, 14.70, 16.10, 17.70, 19.50, 21.60),
(103.50, 12.50, 13.60, 14.90, 16.30, 17.90, 19.70, 21.80),
(104.00, 12.60, 13.80, 15.00, 16.40, 18.10, 19.90, 22.00),
(104.50, 12.80, 13.90, 15.20, 16.60, 18.20, 20.10, 22.30),
(105.00, 12.90, 14.00, 15.30, 16.80, 18.40, 20.30, 22.50),
(105.50, 13.00, 14.20, 15.50, 16.90, 18.60, 20.50, 22.70),
(106.00, 13.10, 14.30, 15.60, 17.10, 18.80, 20.80, 23.00),
(106.50, 13.30, 14.50, 15.80, 17.30, 19.00, 21.00, 23.20),
(107.00, 13.40, 14.60, 15.90, 17.50, 19.20, 21.20, 23.50),
(107.50, 13.50, 14.70, 16.10, 17.70, 19.40, 21.40, 23.70),
(108.00, 13.70, 14.90, 16.30, 17.80, 19.60, 21.70, 24.00),
(108.50, 13.80, 15.00, 16.40, 18.00, 19.80, 21.90, 24.30),
(109.00, 13.90, 15.20, 16.60, 18.20, 20.00, 22.10, 24.50),
(109.50, 14.10, 15.40, 16.80, 18.40, 20.30, 22.40, 24.80),
(110.00, 14.20, 15.50, 17.00, 18.60, 20.50, 22.60, 25.10),
(110.50, 14.40, 15.70, 17.10, 18.80, 20.70, 22.90, 25.40),
(111.00, 14.50, 15.80, 17.30, 19.00, 20.90, 23.10, 25.70),
(112.00, 14.80, 16.20, 17.70, 19.40, 21.40, 23.60, 26.20),
(112.50, 15.00, 16.30, 17.90, 19.60, 21.60, 23.90, 26.50),
(113.00, 15.10, 16.50, 18.00, 19.80, 21.80, 24.20, 26.80),
(113.50, 15.30, 16.70, 18.20, 20.00, 22.10, 24.40, 27.10),
(114.00, 15.40, 16.80, 18.40, 20.20, 22.30, 24.70, 27.40),
(114.50, 15.60, 17.00, 18.60, 20.50, 22.60, 25.00, 27.80),
(115.00, 15.70, 17.20, 18.80, 20.70, 22.80, 25.20, 28.10),
(115.50, 15.90, 17.30, 19.00, 20.90, 23.00, 25.50, 28.40),
(116.00, 16.00, 17.50, 19.20, 21.10, 23.30, 25.80, 28.70),
(116.50, 16.20, 17.70, 19.40, 21.30, 23.50, 26.10, 29.00),
(117.00, 16.30, 17.80, 19.60, 21.50, 23.80, 26.30, 29.30),
(117.50, 16.50, 18.00, 19.80, 21.70, 24.00, 26.60, 29.60),
(118.00, 16.60, 18.20, 19.90, 22.00, 24.20, 26.90, 29.90),
(118.50, 16.80, 18.40, 20.10, 22.20, 24.50, 27.20, 30.30),
(119.00, 16.90, 18.50, 20.30, 22.40, 24.70, 27.40, 30.60),
(119.50, 17.10, 18.70, 20.50, 22.60, 25.00, 27.70, 30.90),
(120.00, 17.30, 18.90, 20.70, 22.80, 25.20, 28.00, 31.20);

-- --------------------------------------------------------

--
-- Table structure for table `antro_female_pbu`
--

CREATE TABLE `antro_female_pbu` (
  `age` int(10) NOT NULL,
  `min_3` decimal(5,2) NOT NULL,
  `min_2` decimal(5,2) NOT NULL,
  `min_1` decimal(5,2) NOT NULL,
  `median` decimal(5,2) NOT NULL,
  `plus_1` decimal(5,2) NOT NULL,
  `plus_2` decimal(5,2) NOT NULL,
  `plus_3` decimal(5,2) NOT NULL
) ENGINE=InnoDB DEFAULT CHARSET=latin1;

--
-- Dumping data for table `antro_female_pbu`
--

INSERT INTO `antro_female_pbu` (`age`, `min_3`, `min_2`, `min_1`, `median`, `plus_1`, `plus_2`, `plus_3`) VALUES
(0, 43.60, 45.40, 47.30, 49.10, 51.00, 52.90, 54.70),
(1, 47.80, 49.80, 51.70, 53.70, 55.60, 57.60, 59.50),
(2, 51.00, 53.00, 55.00, 57.10, 59.10, 61.10, 63.20),
(3, 53.50, 55.60, 57.70, 59.80, 61.90, 64.00, 66.10),
(4, 55.60, 57.80, 59.90, 62.10, 64.30, 66.40, 68.60),
(5, 57.40, 59.60, 61.80, 64.00, 66.20, 68.50, 70.70),
(6, 58.90, 61.20, 63.50, 65.70, 68.00, 70.30, 72.50),
(7, 60.30, 62.70, 65.00, 67.30, 69.60, 71.90, 74.20),
(8, 61.70, 64.00, 66.40, 68.70, 71.10, 73.50, 75.80),
(9, 62.90, 65.30, 67.70, 70.10, 72.60, 75.00, 77.40),
(10, 64.10, 66.50, 69.00, 71.50, 73.90, 76.40, 78.90),
(11, 65.20, 67.70, 70.30, 72.80, 75.30, 77.80, 80.30),
(12, 66.30, 68.90, 71.40, 74.00, 76.60, 79.20, 81.70),
(13, 67.30, 70.00, 72.60, 75.20, 77.80, 80.50, 83.10),
(14, 68.30, 71.00, 73.70, 76.40, 79.10, 81.70, 84.40),
(15, 69.30, 72.00, 74.80, 77.50, 80.20, 83.00, 85.70),
(16, 70.20, 73.00, 75.80, 78.60, 81.40, 84.20, 87.00),
(17, 71.10, 74.00, 76.80, 79.70, 82.50, 85.40, 88.20),
(18, 72.00, 74.90, 77.80, 80.70, 83.60, 86.50, 89.40),
(19, 72.80, 75.80, 78.80, 81.70, 84.70, 87.60, 90.60),
(20, 73.70, 76.70, 79.70, 82.70, 85.70, 88.70, 91.70),
(21, 74.50, 77.50, 80.60, 83.70, 86.70, 89.80, 92.90),
(22, 75.20, 78.40, 81.50, 84.60, 87.70, 90.80, 94.00),
(23, 76.00, 79.20, 82.30, 85.50, 88.70, 91.90, 95.00),
(24, 76.00, 79.30, 82.50, 85.70, 88.90, 92.20, 95.40),
(25, 76.80, 80.00, 83.30, 86.60, 89.90, 93.10, 96.40),
(26, 77.50, 80.80, 84.10, 87.40, 90.80, 94.10, 97.40),
(27, 78.10, 81.50, 84.90, 88.30, 91.70, 95.00, 98.40),
(28, 78.80, 82.20, 85.70, 89.10, 92.50, 96.00, 99.40),
(29, 79.50, 82.90, 86.40, 89.90, 93.40, 96.90, 100.30),
(30, 80.10, 83.60, 87.10, 90.70, 94.20, 97.70, 101.30),
(31, 80.70, 84.30, 87.90, 91.40, 95.00, 98.60, 102.20),
(32, 81.30, 84.90, 88.60, 92.20, 95.80, 99.40, 103.10),
(33, 81.90, 85.60, 89.30, 92.90, 96.60, 100.30, 103.90),
(34, 82.50, 86.20, 89.90, 93.60, 97.40, 101.10, 104.80),
(35, 83.10, 86.80, 90.60, 94.40, 98.10, 101.90, 105.60),
(36, 83.60, 87.40, 91.20, 95.10, 98.90, 102.70, 106.50),
(37, 84.20, 88.00, 91.90, 95.70, 99.60, 103.40, 107.30),
(38, 84.70, 88.60, 92.50, 96.40, 100.30, 104.20, 108.10),
(39, 85.30, 89.20, 93.10, 97.10, 101.00, 105.00, 108.90),
(40, 85.80, 89.80, 93.80, 97.70, 101.70, 105.70, 109.70),
(41, 86.30, 90.40, 94.40, 98.40, 102.40, 106.40, 110.50),
(42, 86.80, 90.90, 95.00, 99.00, 103.10, 107.20, 111.20),
(43, 87.40, 91.50, 95.60, 99.70, 103.80, 107.90, 112.00),
(44, 87.90, 92.00, 96.20, 100.30, 104.50, 108.60, 112.70),
(45, 88.40, 92.50, 96.70, 100.90, 105.10, 109.30, 113.50),
(46, 88.90, 93.10, 97.30, 101.50, 105.80, 110.00, 114.20),
(47, 89.30, 93.60, 97.90, 102.10, 106.40, 110.70, 114.90),
(48, 89.80, 94.10, 98.40, 102.70, 107.00, 111.30, 115.70),
(49, 90.30, 94.60, 99.00, 103.30, 107.70, 112.00, 116.40),
(50, 90.70, 95.10, 99.50, 103.90, 108.30, 112.70, 117.10),
(51, 91.20, 95.60, 100.10, 104.50, 108.90, 113.30, 117.70),
(52, 91.70, 96.10, 100.60, 105.00, 109.50, 114.00, 118.40),
(53, 92.10, 96.60, 101.10, 105.60, 110.10, 114.60, 119.10),
(54, 92.60, 97.10, 101.60, 106.20, 110.70, 115.20, 119.80),
(55, 93.00, 97.60, 102.20, 106.70, 111.30, 115.90, 120.40),
(56, 93.40, 98.10, 102.70, 107.30, 111.90, 116.50, 121.10),
(57, 93.90, 98.50, 103.20, 107.80, 112.50, 117.10, 121.80),
(58, 94.30, 99.00, 103.70, 108.40, 113.00, 117.70, 122.40),
(59, 94.70, 99.50, 104.20, 108.90, 113.60, 118.30, 123.10),
(60, 95.20, 99.90, 104.70, 109.40, 114.20, 118.90, 123.70);

-- --------------------------------------------------------

--
-- Table structure for table `antro_male_bbpbun24bln`
--

CREATE TABLE `antro_male_bbpbun24bln` (
  `length` decimal(5,2) NOT NULL,
  `min_3` decimal(5,2) NOT NULL,
  `min_2` decimal(5,2) NOT NULL,
  `min_1` decimal(5,2) NOT NULL,
  `median` decimal(5,2) NOT NULL,
  `plus_1` decimal(5,2) NOT NULL,
  `plus_2` decimal(5,2) NOT NULL,
  `plus_3` decimal(5,2) NOT NULL
) ENGINE=InnoDB DEFAULT CHARSET=latin1;

--
-- Dumping data for table `antro_male_bbpbun24bln`
--

INSERT INTO `antro_male_bbpbun24bln` (`length`, `min_3`, `min_2`, `min_1`, `median`, `plus_1`, `plus_2`, `plus_3`) VALUES
(45.50, 1.90, 2.10, 2.30, 2.50, 2.80, 3.10, 3.40),
(46.00, 2.00, 2.20, 2.40, 2.60, 2.90, 3.10, 3.50),
(46.50, 2.10, 2.30, 2.50, 2.70, 3.00, 3.20, 3.60),
(47.00, 2.10, 2.30, 2.50, 2.80, 3.00, 3.30, 3.70),
(47.50, 2.20, 2.40, 2.60, 2.90, 3.10, 3.40, 3.80),
(48.00, 2.30, 2.50, 2.70, 2.90, 3.20, 3.60, 3.90),
(48.50, 2.30, 2.60, 2.80, 3.00, 3.30, 3.70, 4.00),
(49.00, 2.40, 2.60, 2.90, 3.10, 3.40, 3.80, 4.20),
(49.50, 2.50, 2.70, 3.00, 3.20, 3.50, 3.90, 4.30),
(50.00, 2.60, 2.80, 3.00, 3.30, 3.60, 4.00, 4.40),
(50.50, 2.70, 2.90, 3.10, 3.40, 3.80, 4.10, 4.50),
(51.00, 2.70, 3.00, 3.20, 3.50, 3.90, 4.20, 4.70),
(51.50, 2.80, 3.10, 3.30, 3.60, 4.00, 4.40, 4.80),
(52.00, 2.90, 3.20, 3.50, 3.80, 4.10, 4.50, 5.00),
(52.50, 3.00, 3.30, 3.60, 3.90, 4.20, 4.60, 5.10),
(53.00, 3.10, 3.40, 3.70, 4.00, 4.40, 4.80, 5.30),
(53.50, 3.20, 3.50, 3.80, 4.10, 4.50, 4.90, 5.40),
(54.00, 3.30, 3.60, 3.90, 4.30, 4.70, 5.10, 5.60),
(54.50, 3.40, 3.70, 4.00, 4.40, 4.80, 5.30, 5.80),
(55.00, 3.60, 3.80, 4.20, 4.50, 5.00, 5.40, 6.00),
(55.50, 3.70, 4.00, 4.30, 4.70, 5.10, 5.60, 6.10),
(56.00, 3.80, 4.10, 4.40, 4.80, 5.30, 5.80, 6.30),
(56.50, 3.90, 4.20, 4.60, 5.00, 5.40, 5.90, 6.50),
(57.00, 4.00, 4.30, 4.70, 5.10, 5.60, 6.10, 6.70),
(57.50, 4.10, 4.50, 4.90, 5.30, 5.70, 6.30, 6.90),
(58.00, 4.30, 4.60, 5.00, 5.40, 5.90, 6.40, 7.10),
(58.50, 4.40, 4.70, 5.10, 5.60, 6.10, 6.60, 7.20),
(59.00, 4.50, 4.80, 5.30, 5.70, 6.20, 6.80, 7.40),
(59.50, 4.60, 5.00, 5.40, 5.90, 6.40, 7.00, 7.60),
(60.00, 4.70, 5.10, 5.50, 6.00, 6.50, 7.10, 7.80),
(60.50, 4.80, 5.20, 5.60, 6.10, 6.70, 7.30, 8.00),
(61.00, 4.90, 5.30, 5.80, 6.30, 6.80, 7.40, 81.00),
(61.50, 5.00, 5.40, 5.90, 6.40, 7.00, 7.60, 8.30),
(62.00, 5.10, 5.60, 6.00, 6.50, 7.10, 7.70, 8.50),
(62.50, 5.20, 5.70, 6.10, 6.70, 7.20, 7.90, 8.60),
(63.00, 5.30, 5.80, 6.20, 6.80, 7.40, 8.00, 8.80),
(63.50, 5.40, 5.90, 6.40, 6.90, 7.50, 8.20, 8.90),
(64.00, 5.50, 6.00, 6.50, 7.00, 7.60, 8.30, 9.10),
(64.50, 5.60, 6.10, 6.60, 7.10, 7.80, 8.50, 9.30),
(65.00, 5.70, 6.20, 6.70, 7.30, 7.90, 8.60, 9.40),
(65.50, 5.80, 6.30, 6.80, 7.40, 8.00, 8.70, 9.60),
(66.00, 5.90, 6.40, 6.90, 7.50, 8.20, 8.90, 9.70),
(66.50, 6.00, 6.50, 7.00, 7.60, 8.30, 9.00, 9.90),
(67.00, 6.10, 6.60, 7.10, 7.70, 8.40, 9.20, 10.00),
(67.50, 6.20, 6.70, 7.20, 7.90, 8.50, 9.30, 10.20),
(68.00, 6.30, 6.80, 7.30, 8.00, 8.70, 9.40, 10.30),
(68.50, 6.40, 6.90, 7.50, 8.10, 8.80, 9.60, 10.50),
(69.00, 6.50, 7.00, 7.60, 8.20, 8.90, 9.70, 10.60),
(69.50, 6.60, 7.10, 7.70, 8.30, 9.00, 9.80, 10.80),
(70.00, 6.60, 7.20, 7.80, 8.40, 9.20, 10.00, 10.90),
(70.50, 6.70, 7.30, 7.90, 8.50, 9.30, 10.10, 11.10),
(71.00, 6.80, 7.40, 8.00, 8.60, 9.40, 10.20, 11.20),
(71.50, 6.90, 7.50, 8.10, 8.80, 9.50, 10.40, 11.30),
(72.00, 7.00, 7.60, 8.20, 8.90, 9.60, 10.50, 11.50),
(72.50, 7.10, 7.60, 8.30, 9.00, 9.80, 10.60, 11.60),
(73.00, 7.20, 7.70, 8.40, 9.10, 9.90, 10.80, 11.80),
(73.50, 7.20, 7.80, 8.50, 9.20, 10.00, 10.90, 11.90),
(74.00, 7.30, 7.90, 8.60, 9.30, 10.10, 11.00, 12.10),
(74.50, 7.40, 8.00, 8.70, 9.40, 10.20, 11.20, 12.20),
(75.00, 7.50, 8.10, 8.80, 9.50, 10.30, 11.30, 12.30),
(75.50, 7.60, 8.20, 8.80, 9.60, 10.40, 11.40, 12.50),
(76.00, 7.60, 8.30, 8.90, 9.70, 10.60, 11.50, 12.60),
(76.50, 7.70, 8.30, 9.00, 9.80, 10.70, 11.60, 12.70),
(77.00, 7.80, 8.40, 9.10, 9.90, 10.80, 11.70, 12.80),
(77.50, 7.90, 8.50, 9.20, 10.00, 10.90, 11.90, 13.00),
(78.00, 7.90, 8.60, 9.30, 10.10, 11.00, 12.00, 13.10),
(78.50, 8.00, 8.70, 9.40, 10.20, 11.10, 12.10, 13.20),
(79.00, 8.10, 8.70, 9.50, 10.30, 11.20, 12.20, 13.30),
(79.50, 8.20, 8.80, 9.50, 10.40, 11.30, 12.30, 13.40),
(80.00, 8.20, 8.90, 9.60, 10.40, 11.40, 12.40, 13.60),
(80.50, 8.30, 9.00, 9.70, 10.50, 11.50, 12.50, 13.70),
(81.00, 8.40, 9.10, 9.80, 10.60, 11.60, 12.60, 13.80),
(81.50, 8.50, 9.10, 9.90, 10.70, 11.70, 12.70, 13.90),
(82.00, 8.50, 9.20, 10.00, 10.80, 11.80, 12.80, 14.00),
(82.50, 8.60, 9.30, 10.10, 10.90, 11.90, 13.00, 14.20),
(83.00, 8.70, 9.40, 10.20, 11.00, 12.00, 13.10, 14.30),
(83.50, 8.80, 9.50, 10.30, 11.20, 12.10, 13.20, 14.40),
(84.00, 8.90, 9.60, 10.40, 11.30, 12.20, 13.30, 14.60),
(84.50, 9.00, 9.70, 10.50, 11.40, 12.40, 13.50, 14.70),
(85.00, 9.10, 9.80, 10.60, 11.50, 12.50, 13.60, 14.90),
(85.50, 9.20, 9.90, 10.70, 11.60, 12.60, 13.70, 15.00),
(86.00, 9.30, 10.00, 10.80, 11.70, 12.80, 13.90, 15.20),
(86.50, 9.40, 10.10, 11.00, 11.90, 12.90, 14.00, 15.30),
(87.00, 9.50, 10.20, 11.10, 12.00, 13.00, 14.20, 15.50),
(87.50, 9.60, 10.40, 11.20, 12.10, 13.20, 14.30, 15.60),
(88.00, 9.70, 10.50, 11.30, 12.20, 13.30, 14.50, 15.80),
(88.50, 9.80, 10.60, 11.40, 12.40, 13.40, 14.60, 15.90),
(89.00, 9.90, 10.70, 11.50, 12.50, 13.50, 14.70, 16.10),
(89.50, 10.00, 10.80, 11.60, 12.60, 13.70, 14.90, 16.20),
(90.00, 10.10, 10.90, 11.80, 12.70, 13.80, 15.00, 16.40),
(90.50, 10.20, 11.00, 11.90, 12.80, 13.90, 15.10, 16.50),
(91.00, 10.30, 11.10, 12.00, 13.00, 14.10, 15.30, 16.50),
(91.50, 10.40, 11.12, 12.10, 13.10, 14.20, 15.40, 16.80),
(92.00, 10.50, 11.30, 12.20, 13.20, 14.30, 15.60, 17.00),
(92.50, 10.60, 11.40, 12.30, 13.30, 14.40, 15.70, 17.10),
(93.00, 10.70, 11.50, 12.40, 13.40, 14.60, 15.80, 17.30),
(93.50, 10.70, 11.60, 12.50, 13.50, 14.70, 16.00, 17.40),
(94.00, 10.80, 11.70, 12.60, 13.70, 14.80, 16.10, 17.60),
(94.50, 10.90, 11.80, 12.70, 13.80, 14.90, 16.30, 17.70),
(95.00, 11.00, 11.90, 12.80, 13.90, 15.10, 16.40, 17.90),
(95.50, 11.10, 12.00, 12.90, 14.00, 15.20, 16.50, 18.00),
(96.00, 11.20, 12.10, 13.10, 14.10, 15.30, 16.70, 18.20),
(96.50, 11.30, 12.20, 13.20, 14.30, 15.50, 16.80, 18.40),
(97.00, 11.40, 12.30, 13.30, 14.40, 15.60, 17.00, 18.50),
(97.50, 11.50, 12.40, 13.40, 14.50, 15.70, 17.10, 18.70),
(98.00, 11.60, 12.50, 13.50, 14.60, 15.90, 17.30, 18.90),
(98.50, 11.70, 12.60, 13.60, 14.80, 16.00, 17.50, 19.10),
(99.00, 11.80, 12.70, 13.70, 14.90, 16.20, 17.60, 19.20),
(99.50, 11.90, 12.80, 13.90, 15.00, 16.30, 17.80, 19.40),
(100.00, 12.00, 12.90, 14.00, 15.20, 16.50, 18.00, 19.60),
(100.50, 12.10, 13.00, 14.10, 15.30, 16.60, 18.10, 19.80),
(101.00, 12.20, 13.20, 14.20, 15.40, 16.80, 18.30, 20.00),
(101.50, 12.30, 13.30, 14.40, 15.60, 16.90, 18.50, 20.20),
(102.00, 12.40, 13.40, 14.50, 15.70, 17.10, 18.70, 20.40),
(102.50, 12.50, 13.50, 14.60, 15.90, 17.30, 18.80, 20.60),
(103.00, 12.60, 13.60, 14.80, 16.00, 17.40, 19.00, 20.80),
(103.50, 12.70, 13.70, 14.90, 16.20, 17.60, 19.20, 21.00),
(104.00, 12.80, 13.90, 15.00, 16.30, 17.80, 19.40, 21.20),
(104.50, 12.90, 14.00, 15.20, 16.50, 17.90, 19.60, 21.50),
(105.00, 13.00, 14.10, 15.30, 16.60, 18.10, 19.80, 21.70),
(105.50, 13.20, 14.20, 15.40, 16.80, 18.30, 20.00, 21.90),
(106.00, 13.30, 14.40, 15.60, 16.90, 18.50, 20.20, 22.10),
(106.50, 13.40, 14.50, 15.70, 17.10, 18.60, 20.40, 22.40),
(107.00, 13.50, 14.60, 15.90, 17.30, 18.80, 20.60, 22.60),
(107.50, 13.60, 14.70, 16.00, 17.40, 19.00, 20.80, 22.80),
(108.00, 13.70, 14.90, 16.20, 17.60, 19.20, 21.00, 23.10),
(108.50, 13.80, 15.00, 16.30, 17.80, 19.40, 21.20, 23.30),
(109.00, 14.00, 15.10, 16.50, 17.90, 19.60, 21.40, 23.60),
(109.50, 14.10, 15.30, 16.60, 18.10, 19.80, 21.70, 23.80),
(110.00, 14.20, 15.40, 16.80, 18.30, 20.00, 21.90, 24.10);

-- --------------------------------------------------------

--
-- Table structure for table `antro_male_bbpbup24bln`
--

CREATE TABLE `antro_male_bbpbup24bln` (
  `length` decimal(5,2) NOT NULL,
  `min_3` decimal(5,2) NOT NULL,
  `min_2` decimal(5,2) NOT NULL,
  `min_1` decimal(5,2) NOT NULL,
  `median` decimal(5,2) NOT NULL,
  `plus_1` decimal(5,2) NOT NULL,
  `plus_2` decimal(5,2) NOT NULL,
  `plus_3` decimal(5,2) NOT NULL
) ENGINE=InnoDB DEFAULT CHARSET=latin1;

--
-- Dumping data for table `antro_male_bbpbup24bln`
--

INSERT INTO `antro_male_bbpbup24bln` (`length`, `min_3`, `min_2`, `min_1`, `median`, `plus_1`, `plus_2`, `plus_3`) VALUES
(65.00, 5.90, 6.30, 6.90, 7.40, 8.10, 8.80, 9.60),
(65.50, 6.00, 6.40, 7.00, 7.60, 8.20, 8.90, 9.80),
(66.00, 6.10, 6.50, 7.10, 7.70, 8.30, 9.10, 9.90),
(66.50, 6.10, 6.60, 7.20, 7.80, 8.50, 9.20, 10.10),
(67.00, 6.20, 6.70, 7.30, 7.90, 8.60, 9.40, 10.20),
(67.50, 6.30, 6.80, 7.40, 8.00, 8.70, 9.50, 10.40),
(68.00, 6.40, 6.90, 7.50, 8.10, 8.80, 9.60, 10.50),
(68.50, 6.50, 7.00, 7.60, 8.20, 9.00, 9.80, 10.70),
(69.00, 6.60, 7.10, 7.70, 8.40, 9.10, 9.90, 10.80),
(69.50, 6.70, 7.20, 7.80, 8.50, 9.20, 10.00, 11.00),
(70.00, 6.80, 7.30, 7.90, 8.60, 9.30, 10.20, 11.10),
(70.50, 6.90, 7.40, 8.00, 8.70, 9.50, 10.30, 11.30),
(71.00, 6.90, 7.50, 8.10, 8.80, 9.60, 10.40, 11.40),
(71.50, 7.00, 7.80, 8.20, 8.90, 9.70, 10.60, 11.60),
(72.00, 7.10, 7.70, 8.30, 9.00, 9.80, 10.70, 11.70),
(72.50, 7.20, 7.80, 8.40, 9.10, 9.90, 10.80, 11.80),
(73.00, 7.30, 7.90, 8.50, 9.20, 10.00, 11.00, 12.00),
(73.50, 7.40, 7.90, 8.60, 9.30, 10.20, 11.10, 12.10),
(74.00, 7.40, 8.00, 8.70, 9.40, 10.30, 11.10, 12.20),
(74.50, 7.50, 8.10, 8.80, 9.50, 10.40, 11.30, 12.40),
(75.00, 7.60, 8.20, 8.90, 9.60, 10.50, 11.40, 12.50),
(75.50, 7.70, 8.30, 9.00, 9.70, 10.60, 11.60, 12.60),
(76.00, 7.70, 8.40, 9.10, 9.80, 10.70, 11.70, 12.80),
(76.50, 7.80, 8.50, 9.20, 9.90, 10.80, 11.80, 12.90),
(77.00, 7.90, 8.50, 9.20, 10.00, 10.90, 11.90, 13.00),
(77.50, 8.00, 8.60, 9.30, 10.10, 11.00, 12.00, 13.10),
(78.00, 8.00, 8.70, 9.40, 10.20, 11.10, 12.10, 13.30),
(78.50, 8.10, 8.80, 9.50, 10.30, 11.20, 12.20, 13.40),
(79.00, 8.20, 8.80, 9.60, 10.40, 11.30, 12.30, 13.50),
(79.50, 8.30, 8.90, 9.70, 10.50, 11.40, 12.40, 13.60),
(80.00, 8.30, 9.00, 9.70, 10.60, 11.50, 12.60, 13.70),
(80.50, 8.40, 9.10, 9.80, 10.70, 11.60, 12.70, 13.80),
(81.00, 8.50, 9.20, 9.90, 10.80, 11.70, 12.80, 14.00),
(81.50, 8.60, 9.30, 10.00, 10.90, 11.80, 12.90, 14.10),
(82.00, 8.70, 9.30, 10.10, 11.00, 11.90, 13.00, 14.20),
(82.50, 8.70, 9.40, 10.20, 11.10, 12.10, 13.10, 14.40),
(83.00, 8.80, 9.50, 10.30, 11.20, 12.20, 13.30, 14.50),
(83.50, 8.90, 9.60, 10.40, 11.30, 12.30, 13.40, 14.60),
(84.00, 9.00, 9.70, 10.50, 11.40, 12.40, 13.50, 14.80),
(84.50, 9.10, 9.90, 10.70, 11.50, 12.50, 13.70, 14.90),
(85.00, 9.20, 10.00, 10.80, 11.70, 12.70, 13.80, 15.10),
(85.50, 9.30, 10.10, 10.90, 11.80, 12.80, 13.90, 15.20),
(86.00, 9.40, 10.20, 11.00, 11.90, 12.90, 14.10, 15.40),
(86.50, 9.50, 10.30, 11.10, 12.00, 13.10, 14.20, 15.50),
(87.00, 9.60, 10.40, 11.20, 12.20, 13.20, 14.40, 15.70),
(87.50, 9.70, 10.50, 11.30, 12.30, 13.30, 14.50, 15.80),
(88.00, 9.80, 10.60, 11.50, 12.40, 13.50, 14.70, 16.00),
(88.50, 9.90, 10.70, 11.60, 12.50, 13.60, 14.80, 16.10),
(89.00, 10.00, 10.80, 11.70, 12.60, 13.70, 14.90, 16.30),
(89.50, 10.10, 10.90, 11.80, 12.80, 13.90, 15.10, 16.40),
(90.00, 10.20, 11.00, 11.90, 12.90, 14.00, 15.20, 16.60),
(90.50, 10.30, 11.10, 12.00, 13.00, 14.10, 15.30, 16.70),
(91.00, 10.40, 11.20, 12.10, 13.10, 14.20, 15.50, 16.70),
(91.50, 10.50, 11.30, 12.20, 13.20, 14.40, 15.60, 17.00),
(92.00, 10.60, 11.40, 12.30, 13.40, 14.50, 15.80, 17.20),
(92.50, 10.70, 11.50, 12.40, 13.50, 14.60, 15.90, 17.30),
(93.00, 10.80, 11.60, 12.60, 13.60, 14.70, 16.00, 17.50),
(93.50, 10.90, 11.70, 12.70, 13.70, 14.90, 16.20, 17.60),
(94.00, 11.00, 11.80, 12.80, 13.80, 15.00, 16.30, 17.80),
(94.50, 11.10, 11.90, 12.90, 13.90, 15.10, 16.50, 17.90),
(95.00, 11.10, 12.00, 13.00, 14.10, 15.30, 16.60, 18.10),
(95.50, 11.20, 12.10, 13.10, 14.20, 15.40, 16.70, 18.30),
(96.00, 11.30, 12.20, 13.20, 14.30, 15.50, 16.90, 18.40),
(96.50, 11.40, 12.30, 13.30, 14.40, 15.70, 17.00, 18.60),
(97.00, 11.50, 12.40, 13.40, 14.60, 15.80, 17.20, 18.80),
(97.50, 11.60, 12.50, 13.60, 14.70, 15.90, 17.40, 18.90),
(98.00, 11.70, 12.60, 13.70, 14.80, 16.10, 17.50, 19.10),
(98.50, 11.80, 12.80, 13.80, 14.90, 16.20, 17.70, 19.30),
(99.00, 11.90, 12.90, 13.90, 15.10, 16.40, 17.90, 19.50),
(99.50, 12.00, 13.00, 14.00, 15.20, 16.50, 18.00, 19.70),
(100.00, 12.10, 13.10, 14.20, 15.40, 16.70, 18.20, 19.90),
(100.50, 12.20, 13.20, 14.30, 15.50, 16.90, 18.40, 20.10),
(101.00, 12.30, 13.30, 14.40, 15.60, 17.00, 18.50, 20.30),
(101.50, 12.40, 13.40, 14.50, 15.80, 17.20, 18.70, 20.50),
(102.00, 12.60, 13.70, 14.80, 16.10, 17.50, 19.10, 20.90),
(102.50, 12.60, 13.70, 14.80, 16.10, 17.50, 19.10, 20.90),
(103.00, 12.80, 13.80, 14.90, 16.20, 17.70, 19.30, 21.10),
(103.50, 12.90, 13.90, 15.10, 16.40, 17.80, 19.50, 21.30),
(104.00, 13.00, 14.00, 15.20, 16.50, 18.00, 19.70, 21.60),
(104.50, 13.10, 14.20, 15.40, 16.70, 18.20, 19.90, 21.80),
(105.00, 13.20, 14.30, 15.50, 16.80, 18.40, 20.10, 22.00),
(105.50, 13.30, 14.40, 15.60, 17.00, 18.50, 20.30, 22.20),
(106.00, 13.40, 14.50, 15.80, 17.20, 18.70, 20.50, 22.50),
(106.50, 13.50, 14.70, 15.90, 17.30, 18.90, 20.70, 2.70),
(107.00, 13.70, 14.80, 16.10, 17.50, 19.10, 20.90, 22.90),
(107.50, 13.80, 14.90, 16.20, 17.70, 19.30, 21.10, 23.20),
(108.00, 13.90, 15.10, 16.40, 17.80, 19.50, 21.30, 23.40),
(108.50, 14.00, 15.20, 16.50, 18.00, 19.70, 21.50, 23.70),
(109.00, 14.10, 15.30, 16.70, 18.20, 19.80, 21.80, 23.90),
(109.50, 14.30, 15.50, 16.80, 18.30, 20.00, 22.00, 24.20),
(110.00, 14.40, 15.60, 17.00, 18.50, 20.20, 22.20, 24.40),
(110.50, 14.50, 15.80, 17.10, 18.70, 20.40, 22.40, 24.70),
(111.00, 14.60, 15.90, 17.30, 18.90, 20.70, 22.70, 25.00),
(111.50, 14.80, 16.00, 17.50, 19.10, 20.90, 22.90, 25.20),
(112.00, 14.90, 16.20, 17.60, 19.20, 21.10, 23.10, 25.60),
(112.50, 15.00, 16.30, 17.80, 19.40, 21.30, 23.40, 25.80),
(113.00, 15.20, 16.50, 18.00, 19.60, 21.50, 23.60, 26.00),
(113.50, 15.30, 16.60, 18.10, 19.80, 21.70, 23.90, 26.30),
(114.00, 15.40, 16.80, 18.30, 20.00, 21.90, 24.10, 26.60),
(114.50, 15.60, 16.90, 18.50, 20.20, 22.10, 24.20, 26.90),
(115.00, 15.70, 17.10, 18.60, 20.40, 22.40, 24.60, 27.20),
(115.50, 15.80, 17.20, 18.80, 20.60, 22.60, 24.90, 27.50),
(116.00, 16.00, 17.40, 19.00, 20.80, 22.80, 25.10, 27.80),
(116.50, 16.10, 17.50, 19.20, 21.00, 23.00, 25.40, 28.00),
(117.00, 16.20, 17.70, 19.30, 21.20, 23.30, 25.60, 28.30),
(117.50, 16.40, 17.90, 19.50, 21.40, 23.50, 25.90, 28.60),
(118.00, 16.50, 18.00, 19.70, 21.60, 23.70, 26.10, 28.90),
(118.50, 16.70, 18.20, 19.90, 21.80, 23.90, 26.40, 29.20),
(119.00, 16.80, 18.30, 20.00, 22.00, 24.10, 26.60, 29.50),
(119.50, 16.90, 18.50, 20.20, 22.20, 24.40, 26.90, 29.80),
(120.00, 17.10, 18.60, 20.40, 22.40, 24.60, 27.20, 30.10);

-- --------------------------------------------------------

--
-- Table structure for table `antro_male_pbu`
--

CREATE TABLE `antro_male_pbu` (
  `age` int(10) NOT NULL,
  `min_3` decimal(5,2) NOT NULL,
  `min_2` decimal(5,2) NOT NULL,
  `min_1` decimal(5,2) NOT NULL,
  `median` decimal(5,2) NOT NULL,
  `plus_1` decimal(5,2) NOT NULL,
  `plus_2` decimal(5,2) NOT NULL,
  `plus_3` decimal(5,2) NOT NULL
) ENGINE=InnoDB DEFAULT CHARSET=latin1;

--
-- Dumping data for table `antro_male_pbu`
--

INSERT INTO `antro_male_pbu` (`age`, `min_3`, `min_2`, `min_1`, `median`, `plus_1`, `plus_2`, `plus_3`) VALUES
(3, 55.30, 57.30, 59.40, 61.40, 63.50, 65.50, 67.60),
(4, 57.60, 59.70, 61.80, 63.90, 66.00, 68.00, 70.10),
(5, 59.60, 61.70, 63.80, 65.90, 68.00, 70.10, 72.20),
(6, 61.20, 63.30, 65.50, 67.60, 69.80, 71.90, 74.00),
(7, 62.70, 64.80, 67.00, 69.20, 71.30, 73.50, 75.70),
(8, 64.00, 66.20, 68.40, 70.60, 72.80, 75.00, 77.00),
(9, 65.20, 67.50, 69.70, 72.00, 74.20, 76.50, 78.70),
(10, 66.40, 68.70, 71.00, 73.30, 75.60, 77.90, 80.10),
(11, 67.60, 69.90, 72.20, 74.50, 76.90, 79.20, 81.50),
(12, 68.60, 71.00, 73.40, 75.70, 78.10, 80.50, 82.90),
(13, 69.60, 72.10, 74.50, 76.90, 79.30, 81.80, 84.20),
(14, 70.60, 73.10, 75.60, 78.00, 80.50, 83.00, 85.50),
(15, 71.60, 74.10, 76.60, 79.10, 81.70, 84.20, 86.70),
(16, 72.50, 75.00, 77.60, 80.20, 82.80, 85.40, 88.00),
(17, 73.30, 76.00, 78.60, 81.20, 83.90, 86.50, 89.20),
(18, 74.20, 76.90, 79.60, 82.30, 85.00, 87.70, 90.40),
(19, 75.00, 77.70, 80.50, 83.20, 86.00, 88.80, 91.50),
(20, 75.80, 78.60, 81.40, 84.20, 87.00, 89.80, 92.60),
(21, 76.50, 79.40, 82.30, 85.10, 88.00, 90.90, 93.80),
(22, 77.20, 80.20, 83.10, 86.00, 89.00, 91.90, 92.90),
(23, 78.00, 81.00, 83.90, 86.90, 89.90, 92.90, 95.90),
(24, 78.00, 81.00, 84.10, 87.10, 90.20, 93.20, 96.30),
(25, 78.60, 81.70, 84.90, 88.00, 91.10, 94.20, 97.30),
(26, 79.30, 82.50, 85.60, 88.80, 92.00, 95.20, 98.30),
(27, 79.90, 83.10, 86.40, 89.60, 92.90, 96.10, 99.30),
(28, 80.50, 83.80, 87.10, 90.40, 93.70, 97.00, 100.30),
(29, 81.10, 84.50, 87.80, 91.20, 94.50, 97.90, 101.20),
(30, 81.70, 85.10, 88.50, 91.90, 95.30, 98.70, 102.10),
(31, 82.30, 85.70, 89.20, 92.70, 96.10, 99.60, 103.00),
(32, 82.80, 86.40, 89.90, 92.40, 96.90, 100.40, 103.90),
(33, 83.40, 86.90, 90.50, 94.10, 97.60, 101.20, 104.80),
(34, 83.90, 87.50, 91.10, 94.80, 98.40, 102.00, 105.60),
(35, 84.40, 88.10, 91.80, 95.40, 99.10, 102.70, 106.40),
(36, 85.00, 88.70, 92.40, 96.10, 99.80, 103.50, 107.20),
(37, 85.50, 89.20, 93.00, 96.70, 100.50, 104.20, 108.00),
(38, 86.00, 89.90, 93.60, 97.40, 101.20, 105.00, 108.80),
(39, 86.50, 90.30, 94.20, 98.00, 101.80, 105.70, 109.50),
(40, 87.00, 90.90, 94.70, 98.60, 102.50, 106.40, 110.30),
(41, 87.50, 91.40, 95.30, 99.20, 103.20, 107.10, 111.00),
(42, 88.00, 91.90, 95.90, 99.90, 103.80, 107.80, 111.70),
(43, 88.40, 92.40, 96.40, 100.40, 104.50, 108.50, 112.50),
(44, 88.90, 93.00, 97.00, 101.00, 105.10, 109.10, 113.20),
(45, 89.40, 93.50, 97.50, 101.60, 105.70, 109.80, 113.90),
(46, 89.80, 94.00, 98.10, 102.20, 106.30, 110.40, 114.60),
(47, 90.30, 94.40, 98.60, 102.80, 106.90, 111.10, 115.20),
(48, 90.70, 94.90, 99.10, 103.30, 107.50, 111.70, 115.90),
(49, 91.20, 95.40, 99.70, 103.90, 108.10, 112.40, 116.60),
(50, 91.60, 95.90, 100.20, 104.40, 108.70, 113.00, 117.30),
(51, 92.10, 96.40, 100.70, 105.00, 109.30, 113.60, 117.90),
(52, 92.50, 96.90, 101.20, 105.60, 109.90, 114.20, 118.60),
(53, 93.00, 97.40, 101.70, 106.10, 110.50, 114.90, 119.20),
(54, 93.40, 97.80, 102.30, 106.70, 111.10, 115.50, 119.90),
(55, 93.90, 98.30, 102.80, 107.20, 111.70, 116.10, 120.60),
(56, 94.30, 98.80, 103.30, 107.80, 112.30, 116.70, 121.20),
(57, 94.70, 99.30, 103.80, 108.30, 112.80, 117.40, 121.90),
(58, 95.20, 99.70, 104.30, 108.90, 113.40, 118.00, 122.60),
(59, 95.60, 100.20, 104.80, 109.40, 114.00, 118.60, 12.20),
(60, 96.10, 100.70, 105.30, 110.00, 114.60, 119.20, 123.90);

-- --------------------------------------------------------

--
-- Table structure for table `data_anak`
--

CREATE TABLE `data_anak` (
  `id` int(11) NOT NULL,
  `z_score_bbpb` decimal(5,2) NOT NULL,
  `z_score_pbu` decimal(5,2) NOT NULL,
  `nama` varchar(21) NOT NULL,
  `age` int(11) NOT NULL,
  `height` decimal(5,2) NOT NULL,
  `weight` decimal(5,2) NOT NULL,
  `sex` varchar(10) NOT NULL,
  `g1` decimal(5,2) DEFAULT NULL,
  `g1a` decimal(5,2) DEFAULT NULL,
  `g1b` decimal(5,2) DEFAULT NULL,
  `g2` decimal(5,2) DEFAULT NULL,
  `g3` decimal(5,2) DEFAULT NULL,
  `g4` decimal(5,2) DEFAULT NULL,
  `g5` decimal(5,2) DEFAULT NULL,
  `g6` decimal(5,2) DEFAULT NULL,
  `w2` decimal(5,2) DEFAULT NULL,
  `w2a` decimal(5,2) DEFAULT NULL,
  `w3` decimal(5,2) DEFAULT NULL,
  `w4` decimal(5,2) DEFAULT NULL,
  `w5` decimal(5,2) DEFAULT NULL,
  `w6` decimal(5,2) DEFAULT NULL,
  `q2` decimal(5,2) DEFAULT NULL,
  `q3` decimal(5,2) DEFAULT NULL,
  `q4` decimal(5,2) DEFAULT NULL,
  `q5` decimal(5,2) DEFAULT NULL,
  `q6` decimal(5,2) DEFAULT NULL,
  `q7` decimal(5,2) DEFAULT NULL,
  `hasil_obese` decimal(5,2) DEFAULT NULL,
  `hasil_waste` decimal(5,2) DEFAULT NULL,
  `hasil_stunt` decimal(5,2) DEFAULT NULL
) ENGINE=InnoDB DEFAULT CHARSET=latin1;

--
-- Dumping data for table `data_anak`
--

INSERT INTO `data_anak` (`id`, `z_score_bbpb`, `z_score_pbu`, `nama`, `age`, `height`, `weight`, `sex`, `g1`, `g1a`, `g1b`, `g2`, `g3`, `g4`, `g5`, `g6`, `w2`, `w2a`, `w3`, `w4`, `w5`, `w6`, `q2`, `q3`, `q4`, `q5`, `q6`, `q7`, `hasil_obese`, `hasil_waste`, `hasil_stunt`) VALUES
(3, 4.00, -0.07, '', 19, 83.00, 15.00, 'male', 0.60, NULL, NULL, 1.00, 0.60, -1.00, 0.00, -0.10, 0.00, NULL, 0.00, 0.00, 0.00, 0.00, 0.00, 0.00, 0.00, 0.00, 0.00, 0.00, 0.00, 0.00, 0.00),
(4, -2.50, -4.37, '', 18, 70.50, 7.00, 'male', 0.00, NULL, NULL, 0.00, 0.00, 0.00, 0.00, 0.00, -1.00, NULL, 1.00, -1.00, -1.00, -1.00, 0.00, 0.00, 0.00, 0.00, 0.00, 0.00, 0.00, 0.00, 0.00),
(5, -2.50, -4.37, 'Ahmad Khairin', 18, 70.50, 7.00, 'male', 0.00, NULL, NULL, 0.00, 0.00, 0.00, 0.00, 0.00, -1.00, NULL, 1.00, -1.00, -1.00, -1.00, -0.80, -1.00, -1.00, -1.00, -1.00, 1.00, 0.00, -114.40, -109.79),
(6, -1.25, -1.30, 'M. Nizam Mui', 23, 83.00, 10.00, 'male', 0.00, NULL, NULL, 0.00, 0.00, 0.00, 0.00, 0.00, 0.00, NULL, 0.00, 0.00, 0.00, 0.00, 0.00, 0.00, 0.00, 0.00, 0.00, 0.00, 0.00, 0.00, 0.00),
(7, -0.33, -2.30, 'cewek', 7, 62.00, 6.20, 'female', NULL, NULL, NULL, NULL, NULL, NULL, NULL, NULL, NULL, NULL, NULL, NULL, NULL, NULL, NULL, NULL, NULL, NULL, NULL, NULL, NULL, NULL, NULL),
(8, -0.33, -2.30, 'coba', 7, 62.00, 6.20, 'female', NULL, NULL, NULL, NULL, NULL, NULL, NULL, NULL, NULL, NULL, NULL, NULL, NULL, NULL, 0.00, 0.40, 0.00, 0.80, -1.00, 1.00, NULL, NULL, 100.00),
(9, -2.00, -1.96, 'error', 11, 70.00, 7.20, 'male', NULL, NULL, NULL, NULL, NULL, NULL, NULL, NULL, -1.00, NULL, -0.80, -0.80, -1.00, 0.00, -0.60, -0.40, -0.60, 0.80, 0.00, -0.60, NULL, 100.00, 10.53),
(10, 0.40, 0.67, 'athazaky', 17, 83.00, 11.40, 'male', NULL, NULL, NULL, NULL, NULL, NULL, NULL, NULL, 0.00, NULL, -0.40, -1.00, -0.80, -1.00, NULL, NULL, NULL, NULL, NULL, NULL, NULL, 0.00, NULL),
(11, -2.14, 2.76, 'pip', 7, 75.00, 8.00, 'male', NULL, NULL, NULL, NULL, NULL, NULL, NULL, NULL, 0.00, NULL, -0.40, 0.00, 0.40, 0.80, NULL, NULL, NULL, NULL, NULL, NULL, NULL, 100.00, NULL),
(12, -0.50, 5.64, 'asa', 6, 80.00, 10.00, 'male', NULL, NULL, NULL, NULL, NULL, NULL, NULL, NULL, -0.80, NULL, 1.00, -0.40, 0.00, 0.60, NULL, NULL, NULL, NULL, NULL, NULL, NULL, 54.29, NULL),
(13, -2.50, -4.37, 'Ahmad Khairin', 18, 70.50, 7.00, 'male', NULL, NULL, NULL, NULL, NULL, NULL, NULL, NULL, -1.00, -1.00, 1.00, -1.00, -1.00, -1.00, 0.00, -1.00, -1.00, -1.00, -1.00, 1.00, NULL, 100.00, 100.00),
(14, -1.25, -1.30, 'nizam', 23, 83.00, 10.00, 'male', NULL, NULL, NULL, NULL, NULL, NULL, NULL, NULL, -1.00, -1.00, 0.60, -1.00, -1.00, 0.40, NULL, NULL, NULL, NULL, NULL, NULL, NULL, NULL, NULL),
(15, 4.00, -0.07, 'quenzino', 19, 83.00, 15.00, 'male', 0.60, 0.60, 0.60, 1.00, 0.60, -1.00, NULL, NULL, NULL, NULL, NULL, NULL, NULL, NULL, NULL, NULL, NULL, NULL, NULL, NULL, NULL, NULL, NULL),
(16, -1.63, -2.07, 'zaidan', 18, 76.50, 8.50, 'male', NULL, NULL, NULL, NULL, NULL, NULL, NULL, NULL, -1.00, -1.00, 1.00, -1.00, -1.00, -1.00, 1.00, -1.00, -1.00, 1.00, -1.00, 1.00, NULL, 0.00, -55.56),
(17, -1.25, -1.30, 'Nizamdua', 23, 83.00, 10.00, 'male', NULL, NULL, NULL, NULL, NULL, NULL, NULL, NULL, -1.00, -1.00, 1.00, -1.00, -1.00, -1.00, NULL, NULL, NULL, NULL, NULL, NULL, NULL, NULL, NULL),
(18, 4.00, -0.07, 'Quenzinodua', 19, 83.00, 15.00, 'male', 0.60, 0.60, 0.60, -1.00, 0.60, -1.00, -1.00, 0.00, NULL, NULL, NULL, NULL, NULL, NULL, NULL, NULL, NULL, NULL, NULL, NULL, 100.00, NULL, NULL),
(19, -1.63, -2.07, 'Zidandua', 18, 76.50, 8.50, 'male', NULL, NULL, NULL, NULL, NULL, NULL, NULL, NULL, -1.00, -1.00, 1.00, -1.00, -1.00, -1.00, 1.00, -1.00, -1.00, 1.00, -1.00, 1.00, NULL, 0.00, 100.00),
(20, -2.00, -1.22, 'Rafan', 18, 79.00, 8.70, 'male', NULL, NULL, NULL, NULL, NULL, NULL, NULL, NULL, 0.40, 0.40, 1.00, -1.00, -1.00, 1.00, NULL, NULL, NULL, NULL, NULL, NULL, NULL, 100.00, NULL),
(21, -2.25, -3.38, 'bima', 26, 78.00, 8.40, 'male', NULL, NULL, NULL, NULL, NULL, NULL, NULL, NULL, 1.00, 1.00, 1.00, -1.00, -1.00, -1.00, 0.60, -1.00, -1.00, -1.00, -1.00, 0.60, NULL, 100.00, 100.00),
(22, 5.75, -2.48, '', 12, 70.00, 13.00, 'male', NULL, NULL, NULL, NULL, NULL, NULL, NULL, NULL, NULL, NULL, NULL, NULL, NULL, NULL, NULL, NULL, NULL, NULL, NULL, NULL, NULL, NULL, NULL),
(23, 4.00, -0.07, 'Quenzino', 19, 83.00, 15.00, 'male', NULL, NULL, NULL, NULL, NULL, NULL, NULL, NULL, NULL, NULL, NULL, NULL, NULL, NULL, NULL, NULL, NULL, NULL, NULL, NULL, NULL, NULL, NULL),
(24, -4.33, -8.73, 'A', 7, 50.00, 2.00, 'male', NULL, NULL, NULL, NULL, NULL, NULL, NULL, NULL, 0.40, 0.00, 1.00, 0.40, 0.60, 0.40, 0.40, 0.40, 0.00, 0.40, NULL, NULL, NULL, 100.00, NULL);

-- --------------------------------------------------------

--
-- Table structure for table `login`
--

CREATE TABLE `login` (
  `id` varchar(25) NOT NULL,
  `password` varchar(25) NOT NULL
) ENGINE=InnoDB DEFAULT CHARSET=latin1;

--
-- Dumping data for table `login`
--

INSERT INTO `login` (`id`, `password`) VALUES
('SistemPakar_Farissa', '081611633041');

--
-- Indexes for dumped tables
--

--
-- Indexes for table `antro_female_bbpbun24bln`
--
ALTER TABLE `antro_female_bbpbun24bln`
  ADD PRIMARY KEY (`length`);

--
-- Indexes for table `antro_female_bbpbup24bln`
--
ALTER TABLE `antro_female_bbpbup24bln`
  ADD PRIMARY KEY (`length`);

--
-- Indexes for table `antro_female_pbu`
--
ALTER TABLE `antro_female_pbu`
  ADD PRIMARY KEY (`age`);

--
-- Indexes for table `antro_male_bbpbun24bln`
--
ALTER TABLE `antro_male_bbpbun24bln`
  ADD PRIMARY KEY (`length`);

--
-- Indexes for table `antro_male_bbpbup24bln`
--
ALTER TABLE `antro_male_bbpbup24bln`
  ADD PRIMARY KEY (`length`);

--
-- Indexes for table `antro_male_pbu`
--
ALTER TABLE `antro_male_pbu`
  ADD PRIMARY KEY (`age`);

--
-- Indexes for table `data_anak`
--
ALTER TABLE `data_anak`
  ADD PRIMARY KEY (`id`);

--
-- Indexes for table `login`
--
ALTER TABLE `login`
  ADD PRIMARY KEY (`id`),
  ADD UNIQUE KEY `id` (`id`);

--
-- AUTO_INCREMENT for dumped tables
--

--
-- AUTO_INCREMENT for table `data_anak`
--
ALTER TABLE `data_anak`
  MODIFY `id` int(11) NOT NULL AUTO_INCREMENT, AUTO_INCREMENT=25;
COMMIT;

/*!40101 SET CHARACTER_SET_CLIENT=@OLD_CHARACTER_SET_CLIENT */;
/*!40101 SET CHARACTER_SET_RESULTS=@OLD_CHARACTER_SET_RESULTS */;
/*!40101 SET COLLATION_CONNECTION=@OLD_COLLATION_CONNECTION */;
